category	count	nyuId	nyu40id	eigen13id	nyuClass	nyu40class	eigen13class	ModelNet40	ModelNet10	ShapeNetCore55	synsetoffset	wnsynsetid	wnsynsetkey
wall	7274	21	1	12	wall	wall	Wall					n04546855	wall.n.01
chair	5419	5	5	4	chair	chair	Chair	chair	chair	chair	03001627	n03001627	chair.n.01
floor	3910	11	2	5	floor	floor	Floor					n03365592	floor.n.01
table	2664	19	7	10	table	table	Table	table	table	table	04379243	n04379243	table.n.02
door	1400	28	8	12	door	door	Wall	door				n03221720	door.n.01
couch	1222	83	6	9	sofa	sofa	Sofa	sofa	sofa	sofa	04256520	n04256520	sofa.n.01
cabinet	1106	3	3	6	cabinet	cabinet	Furniture			cabinet	02933112	n02933112	cabinet.n.01
shelf	889	42	15	6	shelves	shelves	Furniture	bookshelf		bookshelf	02871439	n02871439	bookshelf.n.01
desk	862	36	14	10	desk	desk	Table	desk	desk	table	04379243	n03179701	desk.n.01
office chair	837	5	5	4	chair	chair	Chair	chair	chair	chair	03001627	n04373704	swivel_chair.n.01
bed	814	157	4	1	bed	bed	Bed	bed	bed	bed	02818832	n02818832	bed.n.01
trashcan	688	12	39	6	garbage bin	otherfurniture	Furniture			trash_bin	02747177	n02747177	ashcan.n.01
pillow	608	119	18	7	pillow	pillow	Objects			pillow	03938244	n03938244	pillow.n.01
sink	504	24	34	7	sink	sink	Objects	sink				n04223580	sink.n.01
picture	467	64	11	8	picture	picture	Picture					n03931044	picture.n.01
window	432	59	9	13	window	window	Window					n04587648	window.n.01
toilet	402	124	33	7	toilet	toilet	Objects	toilet	toilet			n04446276	toilet.n.01
bookshelf	400	88	10	6	bookshelf	bookshelf	Furniture	bookshelf		bookshelf	02871439	n02871439	bookshelf.n.01
monitor	395	49	40	7	monitor	otherprop	Objects	monitor	monitor	tv or monitor	03211117	n03782190	monitor.n.04
computer	369	46	40	7	computer	otherprop	Objects					n03082979	computer.n.01
curtain	356	89	16	13	curtain	curtain	Window	curtain				n03151077	curtain.n.01
book	335	1	23	2	book	books	Books					n02870526	book.n.11
armchair	318	5	5	4	chair	chair	Chair	chair	chair	chair	03001627	n02738535	armchair.n.01
coffee table	303	356	39	6	coffee table	otherfurniture	Furniture	table	table	table	04379243	n03063968	coffee_table.n.01
drawer	290	174	39	6	drawer	otherfurniture	Furniture					n03233905	drawer.n.01
box	283	26	29	7	box	box	Objects					n02883344	box.n.01
refrigerator	269	17	24	6	refridgerator	refridgerator	Furniture					n04070727	refrigerator.n.01
lamp	255	144	35	7	lamp	lamp	Objects	lamp		lamp	03636649	n03636649	lamp.n.02
kitchen cabinet	252	3	3	6	cabinet	cabinet	Furniture					n02933112	cabinet.n.01
dining chair	242	5	5	4	chair	chair	Chair	chair	chair	chair	03001627	n03001627	chair.n.01
towel	222	135	27	7	towel	towel	Objects					n04459362	towel.n.01
clothes	214	141	21	7	clothes	clothes	Objects					n02728440	apparel.n.01
tv	210	172	25	11	television	television	TV			tv or monitor	03211117	n03211117	display.n.06
nightstand	206	158	32	6	night stand	night stand	Furniture	night_stand	night_stand			n03015254	chest_of_drawers.n.01
counter	196	7	12	6	counter	counter	Furniture	table	table	table	04379243	n03116530	counter.n.01
dresser	180	169	17	6	dresser	dresser	Furniture	dresser	dresser			n03015254	chest_of_drawers.n.01
countertop	176	7	12	6	counter	counter	Furniture					n03118245	countertop.n.01
stool	165	150	40	7	stool	otherprop	Objects	stool				n04326896	stool.n.01
cushion	141	119	18	7	pillow	pillow	Objects					n03151500	cushion.n.03
plant	139	82	40	7	plant	otherprop	Objects	plant				n00017222	plant.n.02
ceiling	134	4	22	3	ceiling	ceiling	Ceiling					n02990373	ceiling.n.01
bathtub	134	136	36	7	bathtub	bathtub	Objects	bathtub	bathtub	tub	02808440	n02808440	bathtub.n.01
bedframe	132	157	4	1	bed	bed	Bed					n02822579	bedstead.n.01
end table	125	19	7	10	table	table	Table	table	table	table	04379243	n04379243	table.n.02
dining table	123	19	7	10	table	table	Table	table	table	table	04379243	n04379243	table.n.02
keyboard	118	47	40	7	keyboard	otherprop	Objects	keyboard		computer keyboard	03085013	n03085013	computer_keyboard.n.01
bag	116	55	37	7	bag	bag	Objects			suitcase	02773838	n02773838	bag.n.06
backpack	114	206	40	7	backpack	otherprop	Objects					n02769748	backpack.n.01
toilet paper	113	139	40	7	toilet paper	otherprop	Objects					n15075141	toilet_tissue.n.01
printer	111	66	40	7	printer	otherprop	Objects			printer	04004475	n04004475	printer.n.03
tv stand	103	291	39	6	tv stand	otherfurniture	Furniture	tv_stand				n03290653	entertainment_center.n.01
whiteboard	102	45	30	7	whiteboard	whiteboard	Objects					n03211616	display_panel.n.01
carpet	99	130	40	7	rug	otherprop	Objects					n04118021	rug.n.01
blanket	99	312	40	7	blanket	otherprop	Objects					n02849154	blanket.n.01
shower curtain	99	123	28	7	shower curtain	shower curtain	Objects	curtain				n04209239	shower_curtain.n.01
trash can	94	12	39	6	garbage bin	otherfurniture	Furniture			trash_bin	02747177	n02747177	ashcan.n.01
closet	94	772	39	6	wardrobe	otherfurniture	Furniture	wardrobe					
stair	89	215	38	7	stairs	otherstructure	Objects	stairs				n04314914	step.n.04
microwave	88	13	40	7	microwave	otherprop	Objects			microwave	03761084	n03761084	microwave.n.02
washbasin	86	24	34	7	sink	sink	Objects	sink				n04553920	washbasin.n.01
rug	85	130	40	7	rug	otherprop	Objects					n04118021	rug.n.01
stove	78	242	38	7	stove	otherstructure	Objects			stove	04330267	n04330267	stove.n.02
shoe	68	149	40	7	shoe	otherprop	Objects					n04199027	shoe.n.01
computer tower	68	46	40	7	computer	otherprop	Objects					n03082979	computer.n.01
bottle	66	2	40	7	bottle	otherprop	Objects	bottle		bottle	02876657	n02876657	bottle.n.01
bin	64	307	40	7	bin	otherprop	Objects					n02839910	bin.n.01
ottoman	63	359	39	6	ottoman	otherfurniture	Furniture	stool				n03380724	footstool.n.01
bench	63	204	39	6	bench	otherfurniture	Furniture	bench		bench	02828884	n02828884	bench.n.01
board	63	408	38	7	board	otherstructure	Objects						
washing machine	62	278	39	6	washing machine	otherfurniture	Furniture			washing_machine	04554684	n04554684	washer.n.03
mirror	62	122	19	7	mirror	mirror	Objects					n03773035	mirror.n.01
copier	61		40	7		otherprop	Objects					n03257586	duplicator.n.01
basket	60	39	40	7	basket	otherprop	Objects			basket	02801938	n02801938	basket.n.01
sofa chair	59	5	5	4	chair	chair	Chair	chair	chair	chair	03001627	n03001627	chair.n.01
file cabinet	54	3	3	6	cabinet	cabinet	Furniture			cabinet	02933112	n02933112	cabinet.n.01
fan	52	74	40	7	fan	otherprop	Objects					n03320046	fan.n.01
laptop	52	37	40	7	laptop	otherprop	Objects	laptop		laptop	03642806	n03642806	laptop.n.01
shower	49		38	7		otherstructure	Objects					n04208936	shower.n.01
paper	48	15	26	7	paper	paper	Objects					n14974264	paper.n.01
person	48	331	31	7	person	person	Objects	person				n05217688	person.n.02
headboard	47	161	39	6	headboard	otherfurniture	Furniture					n03502200	headboard.n.01
paper towel dispenser	47	14	40	7	paper towel dispenser	otherprop	Objects						
faucet	45	9	40	7	faucet	otherprop	Objects			faucet	03325088	n03325088	faucet.n.01
oven	43	238	38	7	oven	otherstructure	Objects					n03862676	oven.n.01
footstool	42	359	39	6	ottoman	otherfurniture	Furniture	stool				n03380724	footstool.n.01
blinds	42	80	13	13	blinds	blinds	Window					n02851099	blind.n.03
rack	41	50	39	6	stand	otherfurniture	Furniture					n04038440	rack.n.05
plate	39	233	40	7	plate	otherprop	Objects					n03959485	plate.n.04
blackboard	38	225	38	7	blackboard	otherstructure	Objects					n02846511	blackboard.n.01
piano	38	298	39	6	piano	otherfurniture	Furniture	piano		piano	03928116	n03928116	piano.n.01
heater	38	111	39	6	heater	otherfurniture	Furniture					n03508101	heater.n.01
soap	37	133	40	7	soap	otherprop	Objects						
luggage	36	783	40	7	luggage	otherprop	Objects					n02774630	baggage.n.01
computer desk	36	36	14	10	desk	desk	Table	desk	desk	table	04379243	n03179701	desk.n.01
rail	36	497	38	7	railing	otherstructure	Objects						
radiator	36	236	39	6	radiator	otherfurniture	Furniture					n04041069	radiator.n.02
recycle bin	35	307	40	7	bin	otherprop	Objects						
container	34	140	40	7	container	otherprop	Objects					n03094503	container.n.01
wardrobe	34	772	39	6	wardrobe	otherfurniture	Furniture	wardrobe				n04550184	wardrobe.n.01
soap dispenser	32		40	7		otherprop	Objects					n04254120	soap_dispenser.n.01
telephone	32	32	40	7	telephone	otherprop	Objects			telephone	04401088	n04401088	telephone.n.01
bucket	32	427	40	7	bucket	otherprop	Objects					n02909870	bucket.n.01
clock	31	56	40	7	clock	otherprop	Objects			clock	03046257	n03046257	clock.n.01
stand	29	50	39	6	stand	otherfurniture	Furniture	table	table	table	04379243	n04301000	stand.n.04
light	27	62	38	7	light	otherstructure	Objects					n03665366	light.n.02
laundry basket	27	164	40	7	laundry basket	otherprop	Objects			basket	02801938	n03050864	clothes_hamper.n.01
pipe	27	41	40	7	pipe	otherprop	Objects						
round table	26	19	7	10	table	table	Table	table	table	table	04379243	n04114554	round_table.n.02
roof	25	4	22	3	ceiling	ceiling	Ceiling					n04105068	roof.n.01
clothes dryer	25		39	6		otherfurniture	Furniture					n03251766	dryer.n.01
coat	23	324	40	7	jacket	otherprop	Objects					n03057021	coat.n.01
guitar	23	300	40	7	guitar	otherprop	Objects	guitar		guitar	03467517	n03467517	guitar.n.01
desk chair	23	5	5	4	chair	chair	Chair	chair	chair	chair	03001627	n03001627	chair.n.01
sheet	22	559	40	7	sheet	otherprop	Objects						
toilet paper holder	22	647	40	7	toilet paper holder	otherprop	Objects						
seat	22	524	39	6	furniture	otherfurniture	Furniture					n04161981	seat.n.03
step	21		38	7		otherstructure	Objects					n04314914	step.n.04
speaker	20	54	40	7	speaker	otherprop	Objects			speaker	03691459	n03691459	loudspeaker.n.01
vending machine	19	220	40	7	machine	otherprop	Objects					n04525305	vending_machine.n.01
column	19	94	38	7	column	otherstructure	Objects					n03074380	column.n.06
bicycle	18	189	40	7	bicycle	otherprop	Objects			bicycle	02834778	n02834778	bicycle.n.01
ladder	18	48	39	6	ladder	otherfurniture	Furniture	stairs				n03632277	ladder.n.01
cover	18	312	40	7	blanket	otherprop	Objects						
handle	18	758	40	7	handle	otherprop	Objects					n03485997	handle.n.01
bathroom stall	18		38	7		otherstructure	Objects					n02873839	booth.n.02
foosball table	17	510	39	6	foosball table	otherfurniture	Furniture	table	table	table	04379243	n04379243	table.n.02
table lamp	17	144	35	7	lamp	lamp	Objects	lamp		lamp	03636649	n04380533	table_lamp.n.01
shower wall	17	21	1	12	wall	wall	Wall						
chest	17	344	39	6	chest	otherfurniture	Furniture	dresser	dresser				
cup	17	35	40	7	cup	otherprop	Objects	cup		cup or mug	03797390	n03797390	mug.n.04
jacket	16	324	40	7	jacket	otherprop	Objects					n03589791	jacket.n.01
storage bin	16	812	40	7	storage bin	otherprop	Objects						
screen	16		40	7		otherprop	Objects						
coffee maker	16		40	7		otherprop	Objects					n03063338	coffee_maker.n.01
hamper	15	39	40	7	basket	otherprop	Objects			basket	02801938	n03482405	hamper.n.02
dishwasher	15	8	38	7	dishwasher	otherstructure	Objects			dishwasher	03207941	n03207941	dishwasher.n.01
window frame	15	477	38	7	window frame	otherstructure	Objects					n04589593	window_frame.n.01
paper towel	15	113	40	7	paper towel	otherprop	Objects					n03887697	paper_towel.n.01
machine	15	220	40	7	machine	otherprop	Objects					n03699975	machine.n.01
mat	15	143	20	5	floor mat	floor mat	Floor					n03727837	mat.n.01
windowsill	14		38	7		otherstructure	Objects					n04590263	windowsill.n.01
tap	14	9	40	7	faucet	otherprop	Objects			faucet	03325088	n04559451	water_faucet.n.01
pool table	14	515	39	6	pool table	otherfurniture	Furniture	table	table	table	04379243	n03982430	pool_table.n.01
hand dryer	14		40	7		otherprop	Objects						
bar	14	51	38	7	bar	otherstructure	Objects					n02788689	bar.n.03
frame	14		38	7		otherstructure	Objects						
rolling chair	14	5	5	4	chair	chair	Chair	chair	chair	chair	03001627	n03001627	chair.n.01
toaster	14	251	40	7	toaster	otherprop	Objects					n04442312	toaster.n.02
wall frame	14		38	7		otherstructure	Objects						
hanger	13	211	40	7	hanger	otherprop	Objects					n03490884	hanger.n.02
conference table	13	19	7	10	table	table	Table	table	table	table	04379243	n03090000	conference_table.n.01
handrail	13	453	38	7	banister	otherstructure	Objects					n02788148	bannister.n.02
treadmill	13	458	39	6	treadmill	otherfurniture	Furniture					n04477387	treadmill.n.01
bulletin board	13	408	38	7	board	otherstructure	Objects						
ironing board	13	313	39	6	ironing board	otherfurniture	Furniture					n03586090	ironing_board.n.01
fireplace	12	372	38	7	fireplace	otherstructure	Objects					n03346455	fireplace.n.01
soap dish	12	638	40	7	soap dish	otherprop	Objects					n04254009	soap_dish.n.01
fabric	12		40	7		otherprop	Objects					n03309808	fabric.n.01
kitchen counter	12	7	12	6	counter	counter	Furniture	table	table	table	04379243	n03116530	counter.n.01
glass	12	612	38	7	glass	otherstructure	Objects					n03438257	glass.n.02
doorframe	11	615	38	7	door frame	otherstructure	Objects					n03222722	doorframe.n.01
table cushion	11		40	7		otherprop	Objects						
toilet paper dispenser	11		40	7		otherprop	Objects						
slab	11		38	7		otherstructure	Objects					n04233405	slab.n.01
mini fridge	11	17	24	6	refridgerator	refridgerator	Furniture					n03273913	electric_refrigerator.n.01
fire extinguisher	11	10	40	7	fire extinguisher	otherprop	Objects					n03345837	fire_extinguisher.n.01
shampoo	11		40	7		otherprop	Objects						
ball	11	60	40	7	ball	otherprop	Objects						
hat	11	193	40	7	hat	otherprop	Objects					n03497657	hat.n.01
shower curtain rod	11		40	7		otherprop	Objects						
junk	11		40	7		otherprop	Objects					n14857897	debris.n.01
soap holder	10	506	40	7	soap holder	otherprop	Objects						
staircase	10	215	38	7	stairs	otherstructure	Objects					n04298308	stairway.n.01
toiletry	10		40	7		otherprop	Objects					n04447443	toiletry.n.01
stall door	10	28	8	12	door	door	Wall	door					
framed picture	10	64	11	8	picture	picture	Picture						
water cooler	10	509	39	6	water cooler	otherfurniture	Furniture					n04559166	water_cooler.n.01
bags	10		40	7		otherprop	Objects			suitcase	02773838	n02773838	bag.n.06
desk lamp	10	144	35	7	lamp	lamp	Objects	lamp		lamp	03636649	n03636649	lamp.n.02
paper cutter	10	108	40	7	paper cutter	otherprop	Objects					n03886940	paper_cutter.n.01
led tv	9		40	7		otherprop	Objects						
switch	9		40	7		otherprop	Objects					n04372370	switch.n.01
bed sheet	9	559	40	7	sheet	otherprop	Objects					n04188179	sheet.n.03
roof frame	9		38	7		otherstructure	Objects						
tray	9	179	40	7	tray	otherprop	Objects					n04476259	tray.n.01
comforter	9	484	40	7	comforter	otherprop	Objects					n04033995	quilt.n.01
air conditioner	9	79	38	7	air conditioner	otherstructure	Objects					n02686379	air_conditioner.n.01
shower door	9	28	8	12	door	door	Wall	door					
shirt	9		40	7		otherprop	Objects					n04197391	shirt.n.01
swivel chair	9	5	5	4	chair	chair	Chair	chair	chair	chair	03001627	n04373704	swivel_chair.n.01
pillar	9	94	38	7	column	otherstructure	Objects					n03073977	column.n.07
detergent	9		40	7		otherprop	Objects						
ledge	9		38	7		otherstructure	Objects					n09337253	ledge.n.01
vase	8	78	40	7	vase	otherprop	Objects	vase		jar	03593526	n04522168	vase.n.01
toaster oven	8	275	40	7	toaster oven	otherprop	Objects					n04442441	toaster_oven.n.01
bedpost	8		40	7		otherprop	Objects					n02821415	bedpost.n.01
food	8		40	7		otherprop	Objects					n00021265	food.n.01
picture frame	8		40	7		otherprop	Objects					n03931765	picture_frame.n.01
poltrone	8		40	7		otherprop	Objects						
study table	8	19	7	10	table	table	Table	table	table	table	04379243	n04379243	table.n.02
office table	8	19	7	10	table	table	Table	table	table	table	04379243	n04379243	table.n.02
mouse	8	103	40	7	mouse	otherprop	Objects					n03793489	mouse.n.04
storage	8											n03744276	memory.n.04
nerf gun	8		40	7		otherprop	Objects						
table chair	8	5	5	4	chair	chair	Chair	chair	chair	chair	03001627	n03001627	chair.n.01
night table	8	19	7	10	table	table	Table	table	table	table	04379243	n04379243	table.n.02
computer chair	8	5	5	4	chair	chair	Chair	chair	chair	chair	03001627	n03001627	chair.n.01
toilet seat liner dispenser	8		40	7		otherprop	Objects						
backrest	7	5	5	4	chair	chair	Chair					n02767433	back.n.08
chair seat	7		40	7		otherprop	Objects						
sink cabinet	7	3	3	6	cabinet	cabinet	Furniture			cabinet	02933112	n02933112	cabinet.n.01
can	7	329	40	7	can	otherprop	Objects			can	02946921	n02946921	can.n.01
furniture	7	524	39	6	furniture	otherfurniture	Furniture					n03405725	furniture.n.01
cart	7	305	40	7	cart	otherprop	Objects					n03484083	handcart.n.01
stool chair	7	5	5	4	chair	chair	Chair	chair	chair	chair	03001627	n03001627	chair.n.01
step stool	7	276	40	7	step stool	otherprop	Objects	stool				n04315713	step_stool.n.01
robe	7		40	7		otherprop	Objects					n04097866	robe.n.01
table stand	7	50	39	6	stand	otherfurniture	Furniture						
stall	7		38	7		otherstructure	Objects					n02873839	booth.n.02
dispenser	7		40	7		otherprop	Objects					n03210683	dispenser.n.01
storage container	7	140	40	7	container	otherprop	Objects						
side table	7	19	7	10	table	table	Table	table	table	table	04379243	n04379243	table.n.02
partition	7	21	1	12	wall	wall	Wall					n03894379	partition.n.01
appliance	7		40	7		otherprop	Objects						
lotion	7		40	7		otherprop	Objects					n03690938	lotion.n.01
pot	7	16	40	7	pot	otherprop	Objects						
photo	7	508	40	7	photo	otherprop	Objects					n03925226	photograph.n.01
toilet brush	7	630	40	7	toilet brush	otherprop	Objects						
scale	7	639	40	7	scale	otherprop	Objects					n04141975	scale.n.07
tissue box	7	138	40	7	tissue box	otherprop	Objects						
remote	7		40	7		otherprop	Objects			remote_control	04074963	n04074963	remote_control.n.01
light switch	6	301	38	7	light switch	otherstructure	Objects						
crate	6	183	39	6	crate	otherfurniture	Furniture					n03127925	crate.n.01
ping pong table	6	625	39	6	ping pong table	otherfurniture	Furniture	table	table	table	04379243	n04379243	table.n.02
platform	6		38	7		otherstructure	Objects						
pantry	6		38	7		otherstructure	Objects					n03885535	pantry.n.01
bath cabinet	6	3	3	6	cabinet	cabinet	Furniture			cabinet	02933112	n02933112	cabinet.n.01
slipper	6		40	7		otherprop	Objects					n04241394	slipper.n.01
sideboard	6	7	12	6	counter	counter	Furniture						
holder	6		40	7		otherprop	Objects					n03525454	holder.n.01
worktop	6		40	7		otherprop	Objects						
outlet	6		40	7		otherprop	Objects					n04548771	wall_socket.n.01
gas cooker	6	242	38	7	stove	otherstructure	Objects					n03425595	gas_range.n.01
doorhandle	6	652	40	7	knob	otherprop	Objects					n03222959	doorknob.n.01
cutting board	6	247	40	7	cutting board	otherprop	Objects					n03025513	chopping_board.n.01
bathroom sink	6	24	34	7	sink	sink	Objects	sink				n04223580	sink.n.01
controller	6		40	7		otherprop	Objects					n03096960	control.n.09
bedding set	6		40	7		otherprop	Objects						
mount	6		40	7		otherprop	Objects						
decoration	6		40	7		otherprop	Objects					n03169390	decoration.n.01
tablet	6	19	7	10	table	table	Table	table	table	table	04379243	n04379243	table.n.02
reading table	6	19	7	10	table	table	Table	table	table	table	04379243	n04379243	table.n.02
floor covered	6		40	7		otherprop	Objects						
cooker	6	267	40	7	utensil	otherprop	Objects					n03101156	cooker.n.01
file	6	75	40	7	file	otherprop	Objects			filing_cabinet	03337140	n03337140	file.n.03
archive	6		40	7		otherprop	Objects					n02735086	archive.n.01
trolley	5	504	40	7	trolley	otherprop	Objects					n04335435	streetcar.n.01
wainscoting	5		40	7		otherprop	Objects						
lampshade	5	859	40	7	lamp shade	otherprop	Objects					n03637318	lampshade.n.01
china	5	267	40	7	utensil	otherprop	Objects					n03018209	china.n.02
sign	5	208	40	7	sign	otherprop	Objects					n04217882	signboard.n.01
fax machine	5	68	40	7	fax machine	otherprop	Objects						
mirror frame	5		40	7		otherprop	Objects						
projector	5	90	40	7	projector	otherprop	Objects					n04009552	projector.n.02
sweater	5		40	7		otherprop	Objects					n04370048	sweater.n.01
paint can	5	329	40	7	can	otherprop	Objects			can	02946921	n02946921	can.n.01
heat register	5		40	7		otherprop	Objects						
kitchen table	5	19	7	10	table	table	Table	table	table	table	04379243	n03620967	kitchen_table.n.01
globe	5	347	40	7	globe	otherprop	Objects						
toy	5	389	40	7	toy	otherprop	Objects					n03964744	plaything.n.01
kitchen worktop	5		40	7		otherprop	Objects						
paper roll	5		40	7		otherprop	Objects						
meeting table	5	19	7	10	table	table	Table	table	table	table	04379243	n04379243	table.n.02
vaze	5		40	7		otherprop	Objects						
wall clock	5	56	40	7	clock	otherprop	Objects			clock	03046257	n04548280	wall_clock.n.01
closet door	5	28	8	12	door	door	Wall	door					
pack	5		40	7		otherprop	Objects						
doormat	5	143	20	5	floor mat	floor mat	Floor					n03223299	doormat.n.02
tissue	5	648	40	7	tissue	otherprop	Objects						
plastic container	5	140	40	7	container	otherprop	Objects						
statue	5	294	40	7	sculpture	otherprop	Objects					n04306847	statue.n.01
dollhouse	5	486	39	6	doll house	otherfurniture	Furniture					n03219483	dollhouse.n.01
vacuum	5		40	7		otherprop	Objects					n04517823	vacuum.n.04
wet floor sign	5	208	40	7	sign	otherprop	Objects						
vanity	5	169	17	6	dresser	dresser	Furniture	dresser	dresser	table	04379243	n03238586	dressing_table.n.01
candle	5	137	40	7	candle	otherprop	Objects	lamp				n02948072	candle.n.01
library desk	5	36	14	10	desk	desk	Table	desk	desk				
carton box	5	26	29	7	box	box	Objects						
easel	5	50	39	6	stand	otherfurniture	Furniture					n03262809	easel.n.01
wall lamp	5	144	35	7	lamp	lamp	Objects	lamp		lamp	03636649	n03636649	lamp.n.02
wall hanging	4		40	7		otherprop	Objects					n03491178	hanging.n.01
face wash	4		40	7		otherprop	Objects						
corner	4		40	7		otherprop	Objects						
lounge chair	4	5	5	4	chair	chair	Chair	chair	chair	chair	03001627	n03262932	easy_chair.n.01
beanbag	4	797	39	6	bean bag	otherfurniture	Furniture					n02816656	beanbag.n.01
marker holder	4		40	7		otherprop	Objects						
dumbell	4		40	7		otherprop	Objects						
ping pong paddle	4		40	7		otherprop	Objects						
locker	4	3	3	6	cabinet	cabinet	Furniture						
plunger	4		40	7		otherprop	Objects					n03970156	plunger.n.03
soap bar	4	51	38	7	bar	otherstructure	Objects						
student chair	4	5	5	4	chair	chair	Chair	chair	chair	chair	03001627	n03001627	chair.n.01
office object	4		40	7		otherprop	Objects						
stuffed animal	4	177	40	7	stuffed animal	otherprop	Objects						
water fountain	4	339	38	7	water fountain	otherstructure	Objects					n03241335	drinking_fountain.n.01
doorknob	4	27	40	7	door knob	otherprop	Objects					n03222959	doorknob.n.01
footrest	4	163	39	6	foot rest	otherfurniture	Furniture	stool				n03380724	footstool.n.01
ac unit	4		40	7		otherprop	Objects						
safe	4	26	29	7	box	box	Objects					n04125021	safe.n.01
tile	4		40	7		otherprop	Objects					n04435180	tile.n.01
easle	4		40	7		otherprop	Objects						
headphone	4	160	40	7	headphones	otherprop	Objects			headphone	03261776	n03261776	earphone.n.01
dress	4		40	7		otherprop	Objects					n03236735	dress.n.01
rolling cart	4	305	40	7	cart	otherprop	Objects						
chest of drawers	4	524	39	6	furniture	otherfurniture	Furniture	dresser	dresser			n03015254	chest_of_drawers.n.01
plastic bin	4	307	40	7	bin	otherprop	Objects						
pail	4	427	40	7	bucket	otherprop	Objects					n02909870	bucket.n.01
dry erase board	4	408	38	7	board	otherstructure	Objects						
coatrack	4		40	7		otherprop	Objects					n03059103	coatrack.n.01
recliner	4	5	5	4	chair	chair	Chair	chair	chair	chair	03001627	n04062428	recliner.n.01
roomba	4		40	7		otherprop	Objects						
highchair	4	5	5	4	chair	chair	Chair	chair	chair	chair	03001627	n03518445	highchair.n.01
dish rack	4	581	40	7	dish rack	otherprop	Objects					n03207630	dish_rack.n.01
dartboard	4	408	38	7	board	otherstructure	Objects					n03162940	dartboard.n.01
broom	4	328	40	7	broom	otherprop	Objects					n02906734	broom.n.01
book rack	4	224	39	6	bookrack	otherfurniture	Furniture						
eraser	4	100	40	7	eraser	otherprop	Objects					n03294833	eraser.n.01
bath mat	4		40	7		otherprop	Objects					n02807401	bath_mat.n.01
textile	4		40	7		otherprop	Objects					n03309808	fabric.n.01
paper box	4	26	29	7	box	box	Objects						
guitar case	4	771	40	7	guitar case	otherprop	Objects						
mop	4		40	7		otherprop	Objects					n04367480	swab.n.02
lavatory	4		40	7		otherprop	Objects	toilet	toilet				
server	4	360	40	7	server	otherprop	Objects						
paper towel holder	4	281	40	7	paper towel holder	otherprop	Objects						
office supply	4		40	7		otherprop	Objects						
panel	4	408	38	7	board	otherstructure	Objects						
toilet brush holder	4		40	7		otherprop	Objects						
magazine	4	71	40	7	magazine	otherprop	Objects					n06595351	magazine.n.01
kitchen rack	4	50	39	6	stand	otherfurniture	Furniture					n04038440	rack.n.05
table object	4		40	7		otherprop	Objects						
range hood	4	380	38	7	range hood	otherstructure	Objects	range_hood				n04053677	range_hood.n.01
bath	4	136	36	7	bathtub	bathtub	Objects	bathtub	bathtub	tub	02808440	n02808440	bathtub.n.01
trim	4		40	7		otherprop	Objects					n04484160	trimming.n.02
scanner	4		40	7		otherprop	Objects						
bathrobe	4		40	7		otherprop	Objects					n02807616	bathrobe.n.01
door and post	4		40	7		otherprop	Objects						
pouff	4		40	7		otherprop	Objects						
spring curtain	3	89	16	13	curtain	curtain	Window	curtain					
recycle	3		40	7		otherprop	Objects						
fax	3		40	7		otherprop	Objects					n03316105	facsimile.n.02
rolling shelf	3		40	7		otherprop	Objects						
flat-screen television	3	172	25	11	television	television	TV						
futon	3	576	39	6	mattress	otherfurniture	Furniture					n03408444	futon.n.01
stack of chairs	3		40	7		otherprop	Objects						
dustpan	3		40	7		otherprop	Objects					n03259009	dustpan.n.02
hand towel	3	135	27	7	towel	towel	Objects					n03490006	hand_towel.n.01
floor lamp	3	144	35	7	lamp	lamp	Objects	lamp		lamp	03636649	n03367059	floor_lamp.n.01
mainboard	3		40	7		otherprop	Objects						
kitchen shelf	3	42	15	6	shelves	shelves	Furniture	bookshelf		bookshelf	02871439	n02871439	bookshelf.n.01
organizer	3		40	7		otherprop	Objects					n03918737	personal_digital_assistant.n.01
freezer	3	17	24	6	refridgerator	refridgerator	Furniture					n03170635	deep-freeze.n.01
furnace	3	551	39	6	furnace	otherfurniture	Furniture					n03404449	furnace.n.01
stock	3		40	7		otherprop	Objects						
map	3	107	40	7	map	otherprop	Objects					n03720163	map.n.01
helmet	3		40	7		otherprop	Objects			helmet	03513137	n03513137	helmet.n.02
wallpaper	3		38	7		otherstructure	Objects						
wall cabinet	3	3	3	6	cabinet	cabinet	Furniture			cabinet	02933112	n02933112	cabinet.n.01
office equipment	3		40	7		otherprop	Objects						
hair dryer	3	577	40	7	hair dryer	otherprop	Objects					n03483316	hand_blower.n.01
backsplash	3		40	7		otherprop	Objects						
exercise ball	3	60	40	7	ball	otherprop	Objects						
jeremiah	3		40	7		otherprop	Objects					n11082842	jeremiah.n.01
flush	3		40	7		otherprop	Objects						
fridge just	3		40	7		otherprop	Objects						
folded clothes	3	141	21	7	clothes	clothes	Objects						
window counter	3	7	12	6	counter	counter	Furniture						
iron	3		40	7		otherprop	Objects					n03584829	iron.n.04
studio light	3	62	38	7	light	otherstructure	Objects						
sconce	3	62	38	7	light	otherstructure	Objects					n04148703	sconce.n.03
sofa set	3		40	7		otherprop	Objects						
baseboard	3		40	7		otherprop	Objects					n02800354	baseboard.n.01
sink counter	3	7	12	6	counter	counter	Furniture						
kitchen slab	3		38	7		otherstructure	Objects					n04233405	slab.n.01
cabinet door	3	28	8	12	door	door	Wall	door					
exercise machine	3	220	40	7	machine	otherprop	Objects						
wood	3		40	7		otherprop	Objects						
teatowels	3		40	7		otherprop	Objects						
workbench	3	204	39	6	bench	otherfurniture	Furniture	bench		table	04379243	n04600486	workbench.n.01
backwall	3		40	7		otherprop	Objects						
cubby	3		40	7		otherprop	Objects					n03144365	cubby.n.01
water bottle	3	2	40	7	bottle	otherprop	Objects	bottle		bottle	02876657	n04557648	water_bottle.n.01
kitchen sink	3	24	34	7	sink	sink	Objects	sink				n03620889	kitchen_sink.n.01
sink area	3		40	7		otherprop	Objects						
handicap bar	3	51	38	7	bar	otherstructure	Objects						
painter	3	594	40	7	cat	otherprop	Objects					n02125311	cougar.n.01
tank	3		40	7		otherprop	Objects						
washstand	3	524	39	6	furniture	otherfurniture	Furniture					n04555400	washstand.n.01
purse	3	181	40	7	purse	otherprop	Objects					n02774152	bag.n.04
surface	3		40	7		otherprop	Objects					n02688443	airfoil.n.01
towel rack	3		40	7		otherprop	Objects					n04459773	towel_rack.n.01
decor	3		40	7		otherprop	Objects					n03579355	interior_decoration.n.01
handwash	3		40	7		otherprop	Objects						
bar stool	3	150	40	7	stool	otherprop	Objects	stool					
pan	3	589	40	7	pan	otherprop	Objects					n03880531	pan.n.01
air propeller	3		40	7		otherprop	Objects						
paneling	3	21	1	12	wall	wall	Wall					n03882611	paneling.n.01
vent	3		40	7		otherprop	Objects						
kitchen junk	3		40	7		otherprop	Objects					n14857897	debris.n.01
piano bench	3	460	39	6	piano bench	otherfurniture	Furniture	bench		bench	02828884	n02828884	bench.n.01
bunk bed	3	804	39	6	bunk bed	otherfurniture	Furniture	bed	bed	bed	02818832	n02920259	bunk_bed.n.01
bed lamp	3	144	35	7	lamp	lamp	Objects	lamp		lamp	03636649	n03636649	lamp.n.02
shower mat	3		40	7		otherprop	Objects						
bedding	3		40	7		otherprop	Objects					n02820210	bedclothes.n.01
shoe rack	3	614	40	7	shoe rack	otherprop	Objects						
notice board	3	408	38	7	board	otherstructure	Objects					n02916538	bulletin_board.n.02
shower floor	3	11	2	5	floor	floor	Floor						
brush	3		40	7		otherprop	Objects					n02908217	brush.n.02
table football	3	166	40	7	football	otherprop	Objects						
padded bench	3	204	39	6	bench	otherfurniture	Furniture	bench		bench	02828884	n02828884	bench.n.01
bathroom carpet	3	130	40	7	rug	otherprop	Objects					n04118021	rug.n.01
showerhead	3	650	40	7	shower head	otherprop	Objects					n04209383	showerhead.n.01
loft	3		40	7		otherprop	Objects						
chair w/table	3		40	7		otherprop	Objects						
bedhead	3		40	7		otherprop	Objects						
roll	3		40	7		otherprop	Objects					n04101375	roll.n.04
comidin	3		40	7		otherprop	Objects						
cardboard box	3	26	29	7	box	box	Objects						
cushion stool	2	150	40	7	stool	otherprop	Objects	stool					
bed cabinet	2	3	3	6	cabinet	cabinet	Furniture			cabinet	02933112	n02933112	cabinet.n.01
pile of clothes	2	141	21	7	clothes	clothes	Objects						
case	2	851	40	7	case	otherprop	Objects						
slep	2		40	7		otherprop	Objects						
swiffer	2		40	7		otherprop	Objects						
stapler	2	67	40	7	stapler	otherprop	Objects					n04303497	stapler.n.01
cable	2	450	40	7	cables	otherprop	Objects						
work desk	2	36	14	10	desk	desk	Table	desk	desk				
floor carpet	2		40	7		otherprop	Objects						
bedside	2		40	7		otherprop	Objects					n08649711	bedside.n.01
trash bag	2	55	37	7	bag	bag	Objects						
heating devce	2		40	7		otherprop	Objects						
sofa table	2	19	7	10	table	table	Table	table	table	table	04379243	n04379243	table.n.02
ventilator	2		40	7		otherprop	Objects					n04526964	ventilator.n.01
cat	2	594	40	7	cat	otherprop	Objects						
kitchen utensil	2	267	40	7	utensil	otherprop	Objects					n03621049	kitchen_utensil.n.01
counter top for sink	2	24	34	7	sink	sink	Objects	sink					
bathroom frame	2		38	7		otherstructure	Objects						
banister	2	453	38	7	banister	otherstructure	Objects					n02788148	bannister.n.02
tuvalet kağıdı	2		40	7		otherprop	Objects						
trunk	2		40	7		otherprop	Objects						
blank screen	2		40	7		otherprop	Objects						
tire	2		40	7		otherprop	Objects					n04440749	tire.n.01
screen curtain	2	89	16	13	curtain	curtain	Window	curtain					
cooking range	2		40	7		otherprop	Objects						
dressware	2		40	7		otherprop	Objects						
blow up matress	2		40	7		otherprop	Objects						
shred bin	2	307	40	7	bin	otherprop	Objects						
air matress	2		40	7		otherprop	Objects						
folder	2	69	40	7	folder	otherprop	Objects					n03376279	folder.n.02
room heater	2	111	39	6	heater	otherfurniture	Furniture						
car	2	530	40	7	car	otherprop	Objects	car		car	02958343	n02958343	car.n.01
massage armchair	2		40	7		otherprop	Objects						
wardrobe door	2	28	8	12	door	door	Wall	door					
coffee supply	2		40	7		otherprop	Objects						
tissue holder	2		40	7		otherprop	Objects						
tab	2		40	7		otherprop	Objects						
knickknack	2		40	7		otherprop	Objects						
indoor plant	2	82	40	7	plant	otherprop	Objects	plant					
notebook	2	210	40	7	notebook	otherprop	Objects					n03832673	notebook.n.02
water dispenser	2	507	40	7	water dispenser	otherprop	Objects					n03210683	dispenser.n.01
cleaning supply	2		40	7		otherprop	Objects						
library table	2	19	7	10	table	table	Table	table	table	table	04379243	n04379243	table.n.02
bin cover	2		40	7		otherprop	Objects						
teakettle	2	243	40	7	tea kettle	otherprop	Objects					n04397768	teakettle.n.01
reservoir	2	263	40	7	vessel	otherprop	Objects					n04078574	reservoir.n.03
arc sofa	2	83	6	9	sofa	sofa	Sofa	sofa	sofa	sofa	04256520	n04256520	sofa.n.01
bedside lamp	2	144	35	7	lamp	lamp	Objects	lamp		lamp	03636649	n03636649	lamp.n.02
picture window	2	59	9	13	window	window	Window					n03932080	picture_window.n.01
medicine cabinet	2	3	3	6	cabinet	cabinet	Furniture			cabinet	02933112	n03742115	medicine_chest.n.01
cosmetic bag	2	55	37	7	bag	bag	Objects						
coffee	2		40	7		otherprop	Objects						
brush holder	2		40	7		otherprop	Objects						
duvet	2		40	7		otherprop	Objects					n03266749	eiderdown.n.01
flower stand	2	50	39	6	stand	otherfurniture	Furniture						
bedcover	2		40	7		otherprop	Objects					n02822220	bedspread.n.01
side	2		40	7		otherprop	Objects					n09437454	slope.n.01
weight	2		40	7		otherprop	Objects					n04571292	weight.n.02
pitcher	2	273	40	7	pitcher	otherprop	Objects					n03950228	pitcher.n.02
schoolbag	2	55	37	7	bag	bag	Objects					n04146343	schoolbag.n.01
wall picture	2	64	11	8	picture	picture	Picture						
metal handrail	2		40	7		otherprop	Objects						
icebox	2	17	24	6	refridgerator	refridgerator	Furniture					n04070727	refrigerator.n.01
exercise equipment	2	457	39	6	excercise equipment	otherfurniture	Furniture						
loft bed	2	157	4	1	bed	bed	Bed	bed	bed	bed	02818832	n02818832	bed.n.01
tennis table	2	19	7	10	table	table	Table	table	table	table	04379243	n04379243	table.n.02
bookbag	2		40	7		otherprop	Objects						
scarf	2	240	40	7	scarf	otherprop	Objects					n04143897	scarf.n.01
cabinet drawer	2	174	39	6	drawer	otherfurniture	Furniture						
double door	2	28	8	12	door	door	Wall	door				n03226880	double_door.n.01
books in a book shelf	2		40	7		otherprop	Objects						
entertainment stand	2	50	39	6	stand	otherfurniture	Furniture						
potty	2		40	7		otherprop	Objects					n03004275	chamberpot.n.01
john	2		40	7		otherprop	Objects	toilet	toilet			n04446276	toilet.n.01
desk accessory	2		40	7		otherprop	Objects						
chair support	2		40	7		otherprop	Objects						
shopping bag	2	55	37	7	bag	bag	Objects					n04204081	shopping_bag.n.01
tree	2	82	40	7	plant	otherprop	Objects	plant				n13104059	tree.n.01
dustpan broom	2	328	40	7	broom	otherprop	Objects						
stall wall	2	21	1	12	wall	wall	Wall						
tường	2		40	7		otherprop	Objects						
bedside drawer	2	174	39	6	drawer	otherfurniture	Furniture						
chaise	2	5	5	4	chair	chair	Chair	chair	chair	chair	03001627	n03002711	chaise_longue.n.01
curtain rod	2	582	38	7	curtain rod	otherstructure	Objects						
boardgame	2		40	7		otherprop	Objects						
cccvurtains	2		40	7		otherprop	Objects						
device	2		40	7		otherprop	Objects					n03183080	device.n.01
armrest	2		40	7		otherprop	Objects					n02741475	armrest.n.01
alarm	2	525	40	7	alarm	otherprop	Objects			clock	03046257	n02694662	alarm_clock.n.01
towel rail	2	51	38	7	bar	otherstructure	Objects					n04459909	towel_rail.n.01
sliding wood doors	2		40	7		otherprop	Objects						
backbag	2		40	7		otherprop	Objects						
bath curtain	2	89	16	13	curtain	curtain	Window	curtain					
washcloth	2		40	7		otherprop	Objects					n04554523	washcloth.n.01
bean bag chair	2	5	5	4	chair	chair	Chair	chair	chair	chair	03001627	n03001627	chair.n.01
toolbox	2	344	39	6	chest	otherfurniture	Furniture					n04452615	toolbox.n.01
rack shelf	2		40	7		otherprop	Objects						
kleenex box	2	26	29	7	box	box	Objects						
air freshner	2		40	7		otherprop	Objects						
sewing machine	2	890	40	7	sewing machine	otherprop	Objects					n04179913	sewing_machine.n.01
washing and drying machine	2	220	40	7	machine	otherprop	Objects						
hairbrush	2	120	40	7	hair brush	otherprop	Objects					n03475581	hairbrush.n.01
lap desk	2	36	14	10	desk	desk	Table	desk	desk				
hutch	2		40	7		otherprop	Objects						
stack of flat items/possibly cardboard	2		40	7		otherprop	Objects						
under-bed drawer	2	174	39	6	drawer	otherfurniture	Furniture						
bleach	2		40	7		otherprop	Objects						
comidine	2		40	7		otherprop	Objects						
bathmat	2		40	7		otherprop	Objects						
cinder block	2		40	7		otherprop	Objects					n03031957	cinder_block.n.01
mailbox	2	26	29	7	box	box	Objects			mailbox	03710193	n03710193	mailbox.n.01
writing board	2	408	38	7	board	otherstructure	Objects					n04608127	writing_board.n.01
flooring	2	11	2	5	floor	floor	Floor					n03365592	floor.n.01
wall of safety boxes	2		40	7		otherprop	Objects						
vessel	2	263	40	7	vessel	otherprop	Objects			watercraft	04530566	n04530566	vessel.n.02
cube sofa	2	83	6	9	sofa	sofa	Sofa	sofa	sofa	sofa	04256520	n04256520	sofa.n.01
toothpaste	2	128	40	7	toothpaste	otherprop	Objects						
liquid dispencer	2		40	7		otherprop	Objects						
folding chair	2	5	5	4	chair	chair	Chair	chair	chair	chair	03001627	n03376595	folding_chair.n.01
squash	2	717	40	7	squash	otherprop	Objects	plant				n12158798	squash.n.01
grille	2	700	38	7	grill	otherstructure	Objects						
centerpiece	2	878	40	7	centerpiece	otherprop	Objects					n02994419	centerpiece.n.02
wall folder	2	69	40	7	folder	otherprop	Objects						
towel hanger	2	211	40	7	hanger	otherprop	Objects					n03490884	hanger.n.02
toilet pot	2	16	40	7	pot	otherprop	Objects						
aid	2		40	7		otherprop	Objects						
rope	2	560	40	7	rope	otherprop	Objects					n04108268	rope.n.01
envelop rack	2		40	7		otherprop	Objects						
tissue roll	2	764	40	7	tissue roll	otherprop	Objects						
rostrum	2		40	7		otherprop	Objects					n03159640	dais.n.01
owen	2		40	7		otherprop	Objects						
electric panel	2		40	7		otherprop	Objects						
bowl	2	22	40	7	bowl	otherprop	Objects	bowl		bowl	02880940	n02880940	bowl.n.03
boiler	2		40	7		otherprop	Objects						
tile wall	2	21	1	12	wall	wall	Wall						
reflection	2	64	11	8	picture	picture	Picture					n04068976	reflection.n.05
crib	2	485	39	6	crib	otherfurniture	Furniture						
shelves of stuff	2		40	7		otherprop	Objects						
kitchen gadget	2		40	7		otherprop	Objects					n02729965	appliance.n.01
sliding door	2	28	8	12	door	door	Wall	door				n04239074	sliding_door.n.01
paper bag	2	55	37	7	bag	bag	Objects					n04122825	sack.n.01
water heater	2	588	40	7	water heater	otherprop	Objects					n04560113	water_heater.n.01
alarm clock	2	156	40	7	alarm clock	otherprop	Objects			clock	03046257	n02694662	alarm_clock.n.01
chair rail	2		40	7		otherprop	Objects						
corkboard	2	34	40	7	cork board	otherprop	Objects					n14823376	corkboard.n.01
sàn nhà	2		40	7		otherprop	Objects						
conformer	2		40	7		otherprop	Objects						
easy chair	2	5	5	4	chair	chair	Chair	chair	chair	chair	03001627	n03262932	easy_chair.n.01
sehpa	2		40	7		otherprop	Objects						
library	2		40	7		otherprop	Objects						
bench seat	2		40	7		otherprop	Objects						
music stand	2	820	39	6	music stand	otherfurniture	Furniture					n03801760	music_stand.n.01
office	2		40	7		otherprop	Objects					n03841666	office.n.01
clutter	2		40	7		otherprop	Objects						
flush for toilet	2	124	33	7	toilet	toilet	Objects	toilet	toilet				
kleenex	2		40	7		otherprop	Objects						
box/storage	2		40	7		otherprop	Objects						
post	2		40	7		otherprop	Objects					n03988170	post.n.04
plug	2		40	7		otherprop	Objects						
socket	2		40	7		otherprop	Objects					n04255163	socket.n.02
island	2	456	38	7	kitchen island	otherstructure	Objects						
instrument case	2	851	40	7	case	otherprop	Objects						
paper tray	2	538	40	7	paper tray	otherprop	Objects						
toilet paper package	2		40	7		otherprop	Objects						
antibacterial soap dispenser	2		40	7		otherprop	Objects						
cubicle	2		40	7		otherprop	Objects						
vaccuum	2		40	7		otherprop	Objects						
photography light	2	62	38	7	light	otherstructure	Objects						
trump wall	2	21	1	12	wall	wall	Wall						
shredder	2		40	7		otherprop	Objects					n04210120	shredder.n.01
square table	2	19	7	10	table	table	Table	table	table	table	04379243	n04379243	table.n.02
table support	2		40	7		otherprop	Objects						
sink plumbing	2		40	7		otherprop	Objects						
basin	2		40	7		otherprop	Objects						
pinball machine	2	220	40	7	machine	otherprop	Objects					n03941417	pinball_machine.n.01
meeting	2		40	7		otherprop	Objects					n08542634	confluence.n.01
mobile	2		40	7		otherprop	Objects						
hatrack	2		40	7		otherprop	Objects					n03059103	coatrack.n.01
johnny	2	331	31	7	person	person	Objects	person				n10628368	rebel.n.01
projector screen	2	53	38	7	projector screen	otherstructure	Objects						
valance	2		40	7		otherprop	Objects					n03111296	cornice.n.01
eliptical	2		40	7		otherprop	Objects						
boot	2		40	7		otherprop	Objects						
window ledge	2		40	7		otherprop	Objects						
clothes hamper	2	39	40	7	basket	otherprop	Objects			basket	02801938	n03050864	clothes_hamper.n.01
wall side	2		40	7		otherprop	Objects						
stairstepper	2		40	7		otherprop	Objects						
bottle recycling bin	2	307	40	7	bin	otherprop	Objects						
blend	2		40	7		otherprop	Objects						
tissue dispenser	1		40	7		otherprop	Objects						
entertainment center	1	524	39	6	furniture	otherfurniture	Furniture					n03290653	entertainment_center.n.01
kettle	1	16	40	7	pot	otherprop	Objects					n03612814	kettle.n.01
laundyr supply	1		40	7		otherprop	Objects						
chain	1		40	7		otherprop	Objects						
gown	1		40	7		otherprop	Objects						
w.c.	1		40	7		otherprop	Objects	toilet	toilet			n04558478	water_closet.n.01
shelf unit	1		40	7		otherprop	Objects						
walss	1		40	7		otherprop	Objects						
mirror reflection	1		40	7		otherprop	Objects						
bed curtain	1	89	16	13	curtain	curtain	Window	curtain					
papertray	1	538	40	7	paper tray	otherprop	Objects						
tissue paper	1	15	26	7	paper	paper	Objects						
milk	1		40	7		otherprop	Objects						
leg rest sofa	1	83	6	9	sofa	sofa	Sofa	sofa	sofa	sofa	04256520	n04256520	sofa.n.01
double decker	1		40	7		otherprop	Objects						
dekw	1		40	7		otherprop	Objects						
sink counter top	1		40	7		otherprop	Objects						
breadbox	1		40	7		otherprop	Objects					n02893692	bread-bin.n.01
floor mat	1	143	20	5	floor mat	floor mat	Floor					n03727837	mat.n.01
electrical machine	1	220	40	7	machine	otherprop	Objects						
student seat	1		40	7		otherprop	Objects						
privacy partition	1		40	7		otherprop	Objects						
chairlegs	1		40	7		otherprop	Objects						
mail tray	1	618	40	7	mail tray	otherprop	Objects						
over the door storage	1		40	7		otherprop	Objects						
door hinge	1		40	7		otherprop	Objects						
cahi	1		40	7		otherprop	Objects						
excercise cycle	1		40	7		otherprop	Objects						
handsoap	1		40	7		otherprop	Objects						
glass door	1	28	8	12	door	door	Wall	door					
dustbin box	1	26	29	7	box	box	Objects						
toy ship	1		40	7		otherprop	Objects						
storage rack	1	448	39	6	storage rack	otherfurniture	Furniture						
wall outside room	1		40	7		otherprop	Objects						
ask tray	1	179	40	7	tray	otherprop	Objects						
punching bag	1	55	37	7	bag	bag	Objects					n04023962	punching_bag.n.02
storage drawer	1	174	39	6	drawer	otherfurniture	Furniture						
cat litter box	1	26	29	7	box	box	Objects						
shower rod	1		40	7		otherprop	Objects						
office desk	1	36	14	10	desk	desk	Table	desk	desk				
water filter	1	731	40	7	water filter	otherprop	Objects					n04559620	water_filter.n.01
nicknack	1		40	7		otherprop	Objects					n02897692	bric-a-brac.n.01
tin of drink	1		40	7		otherprop	Objects						
work	1		40	7		otherprop	Objects						
lustre	1		40	7		otherprop	Objects						
paper shredder	1		40	7		otherprop	Objects						
awllll	1		40	7		otherprop	Objects						
booth	1	19	7	10	table	table	Table	table	table	table	04379243	n02874214	booth.n.01
folded blanket	1	312	40	7	blanket	otherprop	Objects						
bed skirt	1		40	7		otherprop	Objects						
computer speaker	1	54	40	7	speaker	otherprop	Objects			speaker	03691459	n03691459	loudspeaker.n.01
desktop computer	1	46	40	7	computer	otherprop	Objects					n03180011	desktop_computer.n.01
hadnwash	1		40	7		otherprop	Objects						
covered box	1	26	29	7	box	box	Objects						
lampbase	1		40	7		otherprop	Objects						
net	1		40	7		otherprop	Objects						
wall pane	1		40	7		otherprop	Objects						
dressing gown	1		40	7		otherprop	Objects					n03237992	dressing_gown.n.01
footstowindow 2ol	1		40	7		otherprop	Objects						
display/signs	1		40	7		otherprop	Objects						
arifact	1		40	7		otherprop	Objects						
leg	1		40	7		otherprop	Objects						
ceiling fan	1	74	40	7	fan	otherprop	Objects						
circular sofa	1	83	6	9	sofa	sofa	Sofa	sofa	sofa	sofa	04256520	n04256520	sofa.n.01
food/drink	1		40	7		otherprop	Objects						
chair cushion	1		40	7		otherprop	Objects						
water	1		40	7		otherprop	Objects					n04562658	water_system.n.02
sinl	1		40	7		otherprop	Objects						
sing	1		40	7		otherprop	Objects						
cardboard	1		40	7		otherprop	Objects						
plastic sliding drawers	1		40	7		otherprop	Objects						
celltech	1		40	7		otherprop	Objects						
sink tap	1		40	7		otherprop	Objects						
binder	1	399	40	7	binder	otherprop	Objects						
toilet plumbing	1		40	7		otherprop	Objects						
marble	1	60	40	7	ball	otherprop	Objects					n03721047	marble.n.02
table speaker	1	54	40	7	speaker	otherprop	Objects			speaker	03691459	n03691459	loudspeaker.n.01
talbetop	1		40	7		otherprop	Objects						
gym cycle	1		40	7		otherprop	Objects						
table piece	1		40	7		otherprop	Objects						
counter panel	1		40	7		otherprop	Objects						
plug/outlet	1		40	7		otherprop	Objects						
till	1	26	29	7	box	box	Objects					n02976939	cashbox.n.01
sink unit	1		40	7		otherprop	Objects						
urinary	1		40	7		otherprop	Objects						
ball chair	1	5	5	4	chair	chair	Chair	chair	chair	chair	03001627	n03001627	chair.n.01
of shelf	1		40	7		otherprop	Objects						
shower rack	1	614	40	7	shoe rack	otherprop	Objects						
full bed	1	157	4	1	bed	bed	Bed	bed	bed	bed	02818832	n02818832	bed.n.01
sink cupboard	1		40	7		otherprop	Objects						
house shoe	1	149	40	7	shoe	otherprop	Objects						
cha	1		40	7		otherprop	Objects						
beachball	1	60	40	7	ball	otherprop	Objects					n02814224	beach_ball.n.01
game table	1	429	40	7	game table	otherprop	Objects	table	table	table	04379243	n04379243	table.n.02
tiny table	1	19	7	10	table	table	Table	table	table	table	04379243	n04379243	table.n.02
feminine hygiene waste basket	1	39	40	7	basket	otherprop	Objects			basket	02801938	n02801938	basket.n.01
dicplay case	1	851	40	7	case	otherprop	Objects						
end table chair	1	5	5	4	chair	chair	Chair	chair	chair	chair	03001627	n03001627	chair.n.01
cardbox	1		40	7		otherprop	Objects						
envelope	1	476	40	7	envelope	otherprop	Objects					n03291819	envelope.n.01
resevoir	1		40	7		otherprop	Objects						
rabbit	1		40	7		otherprop	Objects					n02324045	rabbit.n.01
board meeting table	1	19	7	10	table	table	Table	table	table	table	04379243	n04379243	table.n.02
hold	1	758	40	7	handle	otherprop	Objects						
laser printer	1	66	40	7	printer	otherprop	Objects			printer	04004475	n03643737	laser_printer.n.01
glasses case	1	851	40	7	case	otherprop	Objects					n03438863	glasses_case.n.01
thermos	1	693	40	7	flask	otherprop	Objects	bottle		bottle	02876657	n04422727	thermos.n.01
shelving unit	1		40	7		otherprop	Objects						
bath towel	1	135	27	7	towel	towel	Objects					n02808304	bath_towel.n.01
monitor stand	1	50	39	6	stand	otherfurniture	Furniture						
breakfast bar	1	51	38	7	bar	otherstructure	Objects						
flat screen television	1	172	25	11	television	television	TV						
dressin table	1	19	7	10	table	table	Table	table	table	table	04379243	n04379243	table.n.02
dress rack	1	50	39	6	stand	otherfurniture	Furniture					n03238762	dress_rack.n.01
plates of food	1		40	7		otherprop	Objects						
figure	1		40	7		otherprop	Objects						
credenza	1	7	12	6	counter	counter	Furniture					n03129753	credenza.n.01
oejcts	1		40	7		otherprop	Objects						
sinktop	1		40	7		otherprop	Objects						
wall.table	1		40	7		otherprop	Objects						
penholder	1	464	40	7	pen holder	otherprop	Objects						
wall panel	1	21	1	12	wall	wall	Wall					n04548503	wall_panel.n.01
stair landing	1		40	7		otherprop	Objects						
wallpapere	1		40	7		otherprop	Objects						
water dispencer	1	507	40	7	water dispenser	otherprop	Objects						
therostat	1	110	40	7	thermostat	otherprop	Objects						
frying pan	1	318	40	7	frying pan	otherprop	Objects					n03400231	frying_pan.n.01
separator	1		40	7		otherprop	Objects					n02995998	centrifuge.n.01
divider	1		40	7		otherprop	Objects						
ceiling lamp	1	144	35	7	lamp	lamp	Objects	lamp		lamp	03636649	n03636649	lamp.n.02
rod	1		40	7		otherprop	Objects			pistol	03948459	n03427202	gat.n.01
;amps	1		40	7		otherprop	Objects						
vaccum	1		40	7		otherprop	Objects						
chair b'	1		40	7		otherprop	Objects						
paint bucket	1	427	40	7	bucket	otherprop	Objects						
lighting	1		40	7		otherprop	Objects					n03667235	lighting.n.02
tablecloth	1	292	40	7	tablecloth	otherprop	Objects					n04380143	tablecloth.n.01
plank	1	408	38	7	board	otherstructure	Objects					n15101854	board.n.02
sink pipe	1	41	40	7	pipe	otherprop	Objects						
concrete slab	1		40	7		otherprop	Objects						
mini couch	1	83	6	9	sofa	sofa	Sofa	sofa	sofa	sofa	04256520	n04256520	sofa.n.01
post it	1		40	7		otherprop	Objects						
stair down	1		40	7		otherprop	Objects						
spout	1	41	40	7	pipe	otherprop	Objects					n04287153	spout.n.01
cutlery	1		40	7		otherprop	Objects					n03154073	cutter.n.06
magazine rack	1	50	39	6	stand	otherfurniture	Furniture					n03704549	magazine_rack.n.01
mini printer	1	66	40	7	printer	otherprop	Objects			printer	04004475	n04004475	printer.n.03
tray box	1	26	29	7	box	box	Objects						
level 2 stair case	1	851	40	7	case	otherprop	Objects						
industrial machine	1	220	40	7	machine	otherprop	Objects						
giường	1		40	7		otherprop	Objects						
induction cooktop	1		40	7		otherprop	Objects						
artwork	1		40	7		otherprop	Objects						
pillowcase	1	851	40	7	case	otherprop	Objects					n02975412	case.n.19
window wall	1	21	1	12	wall	wall	Wall						
minibar	1	7	12	6	counter	counter	Furniture					n03769610	minibar.n.01
laundry detergent	1		40	7		otherprop	Objects						
serving plate	1	233	40	7	plate	otherprop	Objects						
dirty basket	1	39	40	7	basket	otherprop	Objects			basket	02801938	n02801938	basket.n.01
reading lamp	1	144	35	7	lamp	lamp	Objects	lamp		lamp	03636649	n04057981	reading_lamp.n.01
open cabinet	1	3	3	6	cabinet	cabinet	Furniture			cabinet	02933112	n02933112	cabinet.n.01
hand truck	1	305	40	7	cart	otherprop	Objects					n03490119	hand_truck.n.01
pad	1		40	7		otherprop	Objects					n03195485	diggings.n.02
laptop table	1	19	7	10	table	table	Table	table	table	table	04379243	n04379243	table.n.02
ventilator window	1	59	9	13	window	window	Window						
esll	1		40	7		otherprop	Objects						
sofa bed	1	157	4	1	bed	bed	Bed	bed	bed	bed	02818832	n02818832	bed.n.01
safa	1		40	7		otherprop	Objects						
heating system	1		40	7		otherprop	Objects					n03509025	heating_system.n.01
floor]floo	1		40	7		otherprop	Objects						
facial scrub	1		40	7		otherprop	Objects						
vent hood	1		40	7		otherprop	Objects						
office cupboard	1		40	7		otherprop	Objects						
stand fan	1	74	40	7	fan	otherprop	Objects						
storage shelf	1		40	7		otherprop	Objects						
hanging clothes	1	141	21	7	clothes	clothes	Objects						
fuse box	1	26	29	7	box	box	Objects						
pizza	1		40	7		otherprop	Objects						
personal effect	1		40	7		otherprop	Objects						
drawer organizer	1		40	7		otherprop	Objects						
main board	1	408	38	7	board	otherstructure	Objects						
loofa	1		40	7		otherprop	Objects						
shower surround	1		40	7		otherprop	Objects						
bycicle	1		40	7		otherprop	Objects						
all-in-one computer	1	46	40	7	computer	otherprop	Objects						
box of tissue	1	648	40	7	tissue	otherprop	Objects						
doorlock	1	646	40	7	door lock	otherprop	Objects					n03223162	doorlock.n.01
base unit	1		40	7		otherprop	Objects						
tennis ball	1	60	40	7	ball	otherprop	Objects					n04409515	tennis_ball.n.01
snack machine	1	220	40	7	machine	otherprop	Objects						
laptop bag	1	55	37	7	bag	bag	Objects						
hallway wall	1	21	1	12	wall	wall	Wall						
msic	1		40	7		otherprop	Objects						
file organizer	1		40	7		otherprop	Objects						
fire hose	1		40	7		otherprop	Objects					n03346004	fire_hose.n.01
media center	1		40	7		otherprop	Objects						
umbrella	1	203	40	7	umbrella	otherprop	Objects					n04507155	umbrella.n.01
barrier	1		40	7		otherprop	Objects					n02796623	barrier.n.01
dirt	1		40	7		otherprop	Objects						
subwoofer	1	54	40	7	speaker	otherprop	Objects			speaker	03691459	n04349401	subwoofer.n.01
table tennis	1		40	7		otherprop	Objects						
printer/scanner	1		40	7		otherprop	Objects						
drying rack	1	262	39	6	drying rack	otherfurniture	Furniture						
wppd [ame;owood paneling	1		40	7		otherprop	Objects						
toilet robe	1		40	7		otherprop	Objects						
printer stand	1	50	39	6	stand	otherfurniture	Furniture						
shower screen	1		40	7		otherprop	Objects						
water bed	1	157	4	1	bed	bed	Bed	bed	bed	bed	02818832	n04557522	water_bed.n.01
display sign	1	208	40	7	sign	otherprop	Objects						
diaper bin	1	307	40	7	bin	otherprop	Objects						
router	1	303	40	7	router	otherprop	Objects						
ashtray	1	377	40	7	ashtray	otherprop	Objects					n02747802	ashtray.n.01
footrest/table	1		40	7		otherprop	Objects						
cleaning brush	1		40	7		otherprop	Objects						
bathroom desk	1	36	14	10	desk	desk	Table	desk	desk	table	04379243	n03179701	desk.n.01
toilet commode	1		40	7		otherprop	Objects						
staicase handrail	1		40	7		otherprop	Objects						
clothes shelf	1		40	7		otherprop	Objects						
dink	1		40	7		otherprop	Objects						
toilet seat protectors	1		40	7		otherprop	Objects						
stuffware	1		40	7		otherprop	Objects						
low table for storage	1		40	7		otherprop	Objects						
covered stuff	1		40	7		otherprop	Objects						
hood	1		40	7		otherprop	Objects						
floor reflection	1		40	7		otherprop	Objects						
can opener	1	279	40	7	can opener	otherprop	Objects					n02951585	can_opener.n.01
top	1		40	7		otherprop	Objects						
wheely bin	1	307	40	7	bin	otherprop	Objects						
book bag	1	55	37	7	bag	bag	Objects					n02870676	book_bag.n.01
body wash	1		40	7		otherprop	Objects						
study chair	1	5	5	4	chair	chair	Chair	chair	chair	chair	03001627	n03001627	chair.n.01
stepladder	1	48	39	6	ladder	otherfurniture	Furniture	stairs				n04315599	step_ladder.n.01
paper holder	1	470	40	7	paper holder	otherprop	Objects						
white	1		40	7		otherprop	Objects						
yoga ball	1	60	40	7	ball	otherprop	Objects						
consol	1		40	7		otherprop	Objects						
cloths container	1	140	40	7	container	otherprop	Objects						
shorts	1	192	40	7	shorts	otherprop	Objects					n04204755	short_circuit.n.01
emergency exit windows	1		40	7		otherprop	Objects						
gym	1		40	7		otherprop	Objects					n03472112	gymnasium.n.02
box of tissues	1		40	7		otherprop	Objects						
trolly	1	221	39	6	trolly	otherfurniture	Furniture						
water purifyer	1	93	40	7	water purifier	otherprop	Objects						
clutter'	1		40	7		otherprop	Objects						
wallend	1		40	7		otherprop	Objects						
tissue `paper	1		40	7		otherprop	Objects						
mop and bucket	1	427	40	7	bucket	otherprop	Objects						
grocery	1		40	7		otherprop	Objects					n03461385	grocery_store.n.01
worktable	1	19	7	10	table	table	Table	table	table	table	04379243	n04603729	worktable.n.01
air outlet	1		40	7		otherprop	Objects						
fold	1	97	40	7	pen	otherprop	Objects					n03376159	fold.n.06
toilet commoed	1		40	7		otherprop	Objects						
handfold	1		40	7		otherprop	Objects						
business chair	1	5	5	4	chair	chair	Chair	chair	chair	chair	03001627	n03001627	chair.n.01
llong table chair	1	5	5	4	chair	chair	Chair	chair	chair	chair	03001627	n03001627	chair.n.01
books in a shelf	1		40	7		otherprop	Objects						
chaurs	1		40	7		otherprop	Objects						
tennis table stand	1	50	39	6	stand	otherfurniture	Furniture						
kitchen water purifier	1	93	40	7	water purifier	otherprop	Objects						
lid	1	533	40	7	lid	otherprop	Objects						
electric hob	1		40	7		otherprop	Objects						
baggage	1	783	40	7	luggage	otherprop	Objects						
cpnter	1		40	7		otherprop	Objects						
stairs (exit)	1		40	7		otherprop	Objects						
equipment	1		40	7		otherprop	Objects					n03294048	equipment.n.01
rocking chair	1	5	5	4	chair	chair	Chair	chair	chair	chair	03001627	n04099969	rocking_chair.n.01
bunkbed	1	804	39	6	bunk bed	otherfurniture	Furniture						
divan	1	83	6	9	sofa	sofa	Sofa	sofa	sofa	sofa	04256520	n03214966	divan.n.01
bottle of hand sanitizer	1		40	7		otherprop	Objects						
sales stall	1		40	7		otherprop	Objects						
dehumidifer	1		40	7		otherprop	Objects						
wall cover	1		40	7		otherprop	Objects						
plumbing	1		40	7		otherprop	Objects					n03969041	plumbing.n.01
elliptical machine	1	220	40	7	machine	otherprop	Objects						
playball	1		40	7		otherprop	Objects						
safety bar	1	51	38	7	bar	otherstructure	Objects						
stereo	1	84	40	7	stereo	otherprop	Objects					n04315948	stereo.n.01
havlu	1		40	7		otherprop	Objects						
handbag	1		40	7		otherprop	Objects					n02774152	bag.n.04
furnance	1	551	39	6	furnace	otherfurniture	Furniture						
shleves	1		40	7		otherprop	Objects						
coat hanger	1	400	40	7	coat hanger	otherprop	Objects					n03057920	coat_hanger.n.01
erar wall	1	21	1	12	wall	wall	Wall						
bed bench	1	204	39	6	bench	otherfurniture	Furniture	bench		bench	02828884	n02828884	bench.n.01
tissu	1	648	40	7	tissue	otherprop	Objects						
plastic tub	1	232	40	7	plastic tub	otherprop	Objects	bathtub	bathtub	tub	02808440	n02808440	bathtub.n.01
potholder	1		40	7		otherprop	Objects					n03992115	potholder.n.01
coffee mug	1	263	40	7	vessel	otherprop	Objects			cup or mug	03797390	n03063599	coffee_mug.n.01
tennis rcket bag	1	55	37	7	bag	bag	Objects						
stand lamp	1	144	35	7	lamp	lamp	Objects	lamp		lamp	03636649	n03636649	lamp.n.02
bed/sofa	1		40	7		otherprop	Objects						
laundry supply	1		40	7		otherprop	Objects						
document shredder	1		40	7		otherprop	Objects						
gas-range stove	1	242	38	7	stove	otherstructure	Objects			stove	04330267	n04330267	stove.n.02
table soccer	1		40	7		otherprop	Objects						
cookingrange	1		40	7		otherprop	Objects						
bookbags	1		40	7		otherprop	Objects						
downstairs	1		40	7		otherprop	Objects						
coffeepot	1	893	40	7	coffee pot	otherprop	Objects					n03063689	coffeepot.n.01
jar	1	70	40	7	jar	otherprop	Objects			jar	03593526	n03593526	jar.n.01
rear wall	1	21	1	12	wall	wall	Wall						
part of chair	1	5	5	4	chair	chair	Chair	chair	chair	chair	03001627	n03001627	chair.n.01
tape	1	109	40	7	tape	otherprop	Objects						
drawer table	1	19	7	10	table	table	Table	table	table	table	04379243	n04379243	table.n.02
woodenrack	1		40	7		otherprop	Objects						
toilet floor	1	11	2	5	floor	floor	Floor						
cushioned seating	1		40	7		otherprop	Objects						
bulls eye	1		40	7		otherprop	Objects						
soft mat	1		40	7		otherprop	Objects						
snack box	1	26	29	7	box	box	Objects						
desk organizer	1		40	7		otherprop	Objects						
footboard	1	559	40	7	sheet	otherprop	Objects					n03379461	footboard.n.02
wall hook	1		40	7		otherprop	Objects						
chopping board	1	408	38	7	board	otherstructure	Objects					n03025513	chopping_board.n.01
round picture	1	64	11	8	picture	picture	Picture						
chimney	1	702	38	7	chimney	otherstructure	Objects					n03017428	chimney.n.01
studio screen	1		40	7		otherprop	Objects						
personal belonging	1		40	7		otherprop	Objects						
roll of paper	1	15	26	7	paper	paper	Objects						
gaming wheel	1		40	7		otherprop	Objects						
landlord	1	331	31	7	person	person	Objects	person				n10245236	landlord.n.01
ebd	1		40	7		otherprop	Objects						
heater radiator	1	236	39	6	radiator	otherfurniture	Furniture						
cabinet above	1		40	7		otherprop	Objects						
weighted plate	1	233	40	7	plate	otherprop	Objects						
travelling bag	1	55	37	7	bag	bag	Objects			suitcase	02773838	n02773838	bag.n.06
desk material	1		40	7		otherprop	Objects						
door wall	1	21	1	12	wall	wall	Wall						
traffic cone	1	6	40	7	cone	otherprop	Objects	cone					
computer mouse	1	103	40	7	mouse	otherprop	Objects					n03793489	mouse.n.04
coathanger	1	400	40	7	coat hanger	otherprop	Objects						
bureau	1	524	39	6	furniture	otherfurniture	Furniture	dresser	dresser			n03015254	chest_of_drawers.n.01
tyre	1		40	7		otherprop	Objects					n04440749	tire.n.01
armchairchair	1		40	7		otherprop	Objects						
oven range	1		40	7		otherprop	Objects						
pants	1		40	7		otherprop	Objects					n04489008	trouser.n.01
chiropractic chair	1	5	5	4	chair	chair	Chair	chair	chair	chair	03001627	n03001627	chair.n.01
keg	1	343	39	6	barrel	otherfurniture	Furniture					n03610418	keg.n.02
spray	1		40	7		otherprop	Objects					n02754103	atomizer.n.01
paper trimmer	1		40	7		otherprop	Objects						
standing whiteboard	1	45	30	7	whiteboard	whiteboard	Objects						
desk drawer	1	475	39	6	desk drawer	otherfurniture	Furniture						
window/windowed door	1	28	8	12	door	door	Wall	door					
soapbox	1	671	40	7	soap box	otherprop	Objects						
pillow sofa	1	83	6	9	sofa	sofa	Sofa	sofa	sofa	sofa	04256520	n04256520	sofa.n.01
centre table	1	19	7	10	table	table	Table	table	table	table	04379243	n04379243	table.n.02
doorway	1	609	38	7	door way	otherstructure	Objects	door				n03224032	doorway.n.01
wall and whiteboard	1	45	30	7	whiteboard	whiteboard	Objects						
laptop computer	1	46	40	7	computer	otherprop	Objects	laptop		laptop	03642806	n03642806	laptop.n.01
scanner/copier	1		40	7		otherprop	Objects						
suitcase w/clothes	1		40	7		otherprop	Objects						
power pusher	1		40	7		otherprop	Objects						
shower faucet handle	1	758	40	7	handle	otherprop	Objects						
walk	1		40	7		otherprop	Objects					n04544979	walk.n.05
matte	1		40	7		otherprop	Objects						
atm machine	1	220	40	7	machine	otherprop	Objects						
garage door	1	850	38	7	garage door	otherstructure	Objects	door					
wals	1		40	7		otherprop	Objects						
cabinet aisle	1		40	7		otherprop	Objects						
table light	1	62	38	7	light	otherstructure	Objects						
guillotine paper trimmer	1		40	7		otherprop	Objects						
round 2\	1		40	7		otherprop	Objects						
teddy	1		40	7		otherprop	Objects					n03013580	chemise.n.01
white board/divider	1		40	7		otherprop	Objects						
white wall	1	21	1	12	wall	wall	Wall						
mark	1		40	7		otherprop	Objects					n04681387	crisscross.n.01
partition wall	1	21	1	12	wall	wall	Wall						
shag rug	1	130	40	7	rug	otherprop	Objects					n04183217	shag_rug.n.01
upstair way	1		40	7		otherprop	Objects						
music stand'	1	820	39	6	music stand	otherfurniture	Furniture						
recamier	1		40	7		otherprop	Objects						
venthole	1		40	7		otherprop	Objects					n04526241	vent.n.01
dining seat	1		40	7		otherprop	Objects						
toilet cover	1		40	7		otherprop	Objects						
personal item	1		40	7		otherprop	Objects						
tallboy	1	524	39	6	furniture	otherfurniture	Furniture	dresser	dresser			n03518305	highboy.n.01
drawers unit	1		40	7		otherprop	Objects						
teapot	1	678	40	7	tea pot	otherprop	Objects					n04398044	teapot.n.01
cook cabinet	1	3	3	6	cabinet	cabinet	Furniture			cabinet	02933112	n02933112	cabinet.n.01
wok pan	1	589	40	7	pan	otherprop	Objects						
tv tray	1	179	40	7	tray	otherprop	Objects						
round chair	1	5	5	4	chair	chair	Chair	chair	chair	chair	03001627	n03001627	chair.n.01
sawhorse	1		40	7		otherprop	Objects					n04140631	sawhorse.n.01
kitchen range	1	242	38	7	stove	otherstructure	Objects					n04330340	stove.n.01
busdrver	1		40	7		otherprop	Objects						
barricade	1		40	7		otherprop	Objects						
wall ornament	1		40	7		otherprop	Objects						
color printer	1	66	40	7	printer	otherprop	Objects			printer	04004475	n04004475	printer.n.03
sticker	1	725	40	7	sticker	otherprop	Objects					n07272545	gummed_label.n.01
exit sign	1	86	40	7	exit sign	otherprop	Objects						
gas stove	1	242	38	7	stove	otherstructure	Objects			stove	04330267	n04330267	stove.n.02
venta hood	1		40	7		otherprop	Objects						
copier/printer	1		40	7		otherprop	Objects						
wall-mounted lamp	1	144	35	7	lamp	lamp	Objects	lamp		lamp	03636649	n03636649	lamp.n.02
item box	1	26	29	7	box	box	Objects						
water puifyer	1		40	7		otherprop	Objects						
wall papper	1		40	7		otherprop	Objects						
salt and peper	1	737	40	7	salt and pepper	otherprop	Objects						
printer four	1		40	7		otherprop	Objects						
towel fastener	1		40	7		otherprop	Objects						
basth	1		40	7		otherprop	Objects						
flipflops	1		40	7		otherprop	Objects						
bonus	1		40	7		otherprop	Objects						
kitchen box	1	26	29	7	box	box	Objects					n02883344	box.n.01
central heating unit	1		40	7		otherprop	Objects						
hanging tubelight	1		40	7		otherprop	Objects						
soccer ball	1	837	40	7	soccer ball	otherprop	Objects					n04254680	soccer_ball.n.01
almarah	1		40	7		otherprop	Objects						
canopy	1		40	7		otherprop	Objects						
med box	1	26	29	7	box	box	Objects						
drain	1	567	38	7	drain	otherstructure	Objects						
panelling	1	21	1	12	wall	wall	Wall					n03882611	paneling.n.01
bed stand	1	50	39	6	stand	otherfurniture	Furniture						
deal	1	408	38	7	board	otherstructure	Objects					n15102622	deal.n.04
massage	1		40	7		otherprop	Objects						
safety rail	1	497	38	7	railing	otherstructure	Objects					n04127395	safety_rail.n.01
vacuumer	1		40	7		otherprop	Objects						
binfl	1		40	7		otherprop	Objects						
lightbulb	1	566	40	7	light bulb	otherprop	Objects	lamp				n03665924	light_bulb.n.01
door hydraulic	1		40	7		otherprop	Objects						
induction cook top	1		40	7		otherprop	Objects						
bedstand	1		40	7		otherprop	Objects						
calander	1		40	7		otherprop	Objects						
set of seats	1		40	7		otherprop	Objects						
chocolate bar dispenser	1		40	7		otherprop	Objects						
wall unit tv	1		40	7		otherprop	Objects						
broomstick	1	328	40	7	broom	otherprop	Objects					n02907082	broomstick.n.01
bath faucet	1	9	40	7	faucet	otherprop	Objects			faucet	03325088	n03325088	faucet.n.01
folded cloth	1		40	7		otherprop	Objects						
supply	1		40	7		otherprop	Objects						
under oven drawer	1	174	39	6	drawer	otherfurniture	Furniture						
kinect	1	823	40	7	kinect	otherprop	Objects						
cash	1		40	7		otherprop	Objects					n10886222	cash.n.03
dining side wall	1	21	1	12	wall	wall	Wall						
log	1		40	7		otherprop	Objects					n03686658	log.n.05
garden gnome	1		40	7		otherprop	Objects						
coucnb	1		40	7		otherprop	Objects						
dart	1		40	7		otherprop	Objects					n03162818	dart.n.01
dust pan and brush	1		40	7		otherprop	Objects						
smoke alarm	1	525	40	7	alarm	otherprop	Objects					n03343737	fire_alarm.n.02
kitchen top	1		40	7		otherprop	Objects						
toilet flush	1		40	7		otherprop	Objects						
cooler	1	17	24	6	refridgerator	refridgerator	Furniture					n03102654	cooler.n.01
kitchen island	1	456	38	7	kitchen island	otherstructure	Objects					n03620600	kitchen_island.n.01
balcony	1		40	7		otherprop	Objects						
escape door	1	28	8	12	door	door	Wall	door					
hammer	1	883	40	7	hammer	otherprop	Objects					n03481172	hammer.n.02
wall and paiting	1		40	7		otherprop	Objects						
kitch shelf	1		40	7		otherprop	Objects						
handwasher	1		40	7		otherprop	Objects						
vanity top	1		40	7		otherprop	Objects						
bodyboard	1		40	7		otherprop	Objects						
messenger bag	1	55	37	7	bag	bag	Objects						
stationary bike	1		40	7		otherprop	Objects						
cabinet countertop	1		40	7		otherprop	Objects						
ping pong padle	1		40	7		otherprop	Objects						
teapoy	1		40	7		otherprop	Objects						
clothes basket	1	39	40	7	basket	otherprop	Objects			basket	02801938	n03050864	clothes_hamper.n.01
xbox	1	628	40	7	xbox	otherprop	Objects	xbox					
both	1		40	7		otherprop	Objects						
foosball	1		40	7		otherprop	Objects						
soad stand	1	50	39	6	stand	otherfurniture	Furniture						
prop	1		40	7		otherprop	Objects					n02692086	airplane_propeller.n.01
buddha	1		40	7		otherprop	Objects						
reflection in a mirror	1	122	19	7	mirror	mirror	Objects						
bar stol	1		40	7		otherprop	Objects						
oven/stove	1		40	7		otherprop	Objects						
patterned rug	1	130	40	7	rug	otherprop	Objects						
window panel	1		40	7		otherprop	Objects						
vault	1		40	7		otherprop	Objects						
dust bin cover	1		40	7		otherprop	Objects						
throw	1	872	40	7	throw	otherprop	Objects					n04429971	throw.n.04
painting and frame	1		40	7		otherprop	Objects						
covered piano	1	298	39	6	piano	otherfurniture	Furniture	piano		piano	03928116	n03928116	piano.n.01
drawer unit	1		40	7		otherprop	Objects						
aircon	1		40	7		otherprop	Objects						
package	1		40	7		otherprop	Objects					n03871083	package.n.02
gas vent	1		40	7		otherprop	Objects						
block	1		40	7		otherprop	Objects						
cloth container	1	140	40	7	container	otherprop	Objects						
additional printer	1	66	40	7	printer	otherprop	Objects			printer	04004475	n04004475	printer.n.03
danger sign	1	208	40	7	sign	otherprop	Objects						
game machine	1	220	40	7	machine	otherprop	Objects						
light fixture	1		40	7		otherprop	Objects						
utility	1		40	7		otherprop	Objects					n04516874	utility.n.06
base rack	1		40	7		otherprop	Objects						
staircase landing	1		40	7		otherprop	Objects						
szll	1		40	7		otherprop	Objects						
piano note	1		40	7		otherprop	Objects						
bboks	1		40	7		otherprop	Objects						
cabord	1		40	7		otherprop	Objects						
central table	1	19	7	10	table	table	Table	table	table	table	04379243	n04379243	table.n.02
splash	1		40	7		otherprop	Objects					n04682319	splash.n.04
suit	1		40	7		otherprop	Objects					n04350905	suit.n.01
cook top	1		40	7		otherprop	Objects						
jug	1	687	40	7	jug	otherprop	Objects	bottle		bottle	02876657	n03603722	jug.n.01
stepstool	1	276	40	7	step stool	otherprop	Objects						
tripod	1	50	39	6	stand	otherfurniture	Furniture					n04485082	tripod.n.01
cover box	1	26	29	7	box	box	Objects						
baby crib	1	485	39	6	crib	otherfurniture	Furniture						
air condisnor	1		40	7		otherprop	Objects						
water softner	1		40	7		otherprop	Objects						
chandelier	1	342	38	7	chandelier	otherstructure	Objects					n03005285	chandelier.n.01
floor patterning	1		40	7		otherprop	Objects						
tablet top	1		40	7		otherprop	Objects						
smoke detector	1		40	7		otherprop	Objects						
baseball cap	1		40	7		otherprop	Objects			cap	02954340	n02799323	baseball_cap.n.01
tissue roll holder	1		40	7		otherprop	Objects						
case of water	1		40	7		otherprop	Objects						
wall-organizer	1		40	7		otherprop	Objects						
piece	1		40	7		otherprop	Objects					n03343853	firearm.n.01
wheelbarrel	1		40	7		otherprop	Objects						
desktop item	1		40	7		otherprop	Objects						
tv showcase	1		40	7		otherprop	Objects						
chelves	1		40	7		otherprop	Objects						
toothbrush	1	127	40	7	toothbrush	otherprop	Objects					n04453156	toothbrush.n.01
chiffonière	1		40	7		otherprop	Objects						
leg towel	1	135	27	7	towel	towel	Objects						
flowers/decorations	1		40	7		otherprop	Objects						
snake toy	1	389	40	7	toy	otherprop	Objects						
cabinet's side	1		40	7		otherprop	Objects						
bedroom chair	1	5	5	4	chair	chair	Chair	chair	chair	chair	03001627	n03001627	chair.n.01
drum	1	145	40	7	drum	otherprop	Objects					n03249569	drum.n.01
liquid soap	1	133	40	7	soap	otherprop	Objects						
set of bedding	1		40	7		otherprop	Objects						
night lamp	1	144	35	7	lamp	lamp	Objects	lamp		lamp	03636649	n03636649	lamp.n.02
post board	1	408	38	7	board	otherstructure	Objects						
measuring cup	1	730	40	7	measuring cup	otherprop	Objects	cup				n03733805	measuring_cup.n.01
baseboard heater	1	111	39	6	heater	otherfurniture	Furniture						
paper shelf	1		40	7		otherprop	Objects						
alert sheet	1	559	40	7	sheet	otherprop	Objects						
duster	1	115	40	7	duster	otherprop	Objects					n03258330	dustcloth.n.01
snooker table	1	19	7	10	table	table	Table	table	table	table	04379243	n03982430	pool_table.n.01
leg rest	1		40	7		otherprop	Objects						
wall storage	1		40	7		otherprop	Objects						
office board	1	408	38	7	board	otherstructure	Objects						
bathroom counter	1	7	12	6	counter	counter	Furniture	table	table	table	04379243	n03116530	counter.n.01
table sofa	1	83	6	9	sofa	sofa	Sofa	sofa	sofa	sofa	04256520	n04256520	sofa.n.01
glass-topped table	1	19	7	10	table	table	Table	table	table	table	04379243	n04379243	table.n.02
racket bat	1		40	7		otherprop	Objects						
fridge handle	1	758	40	7	handle	otherprop	Objects						
stove top	1		40	7		otherprop	Objects						
monitor from pc	1		40	7		otherprop	Objects						
stick	1	529	40	7	stick	otherprop	Objects						
